Open,Volume,Close
2498.27002,54860000,2550.25
2563.360107,99820000,2527.22998
2511.879883,63280000,2559.649902
2572.27002,95070000,2590.100098
2577.22998,124380000,2593.810059
2580.449951,83820000,2633.659912
2629.449951,107610000,2629.209961
2627.969971,34270000,2566.090088
2542.820068,60930000,2501.48999
2464.600098,89580000,2646.780029
2618.810059,130840000,2659.409912
2657.419922,98280000,2730.689941
2732.669922,124390000,2830.689941
2833.659912,149790000,2934.649902
2924.75,165810000,2889.360107
2925.48999,92840000,2909.899902
2924.5,126020000,2955.199951
2952.969971,127560000,2948.27002
2927.719971,117230000,2858.909912
2860.149902,109200000,2913.860107
2901.97998,85610000,2896.780029
2902.469971,100270000,2920.790039
2926.22998,94970000,2965.590088
2948.27002,129460000,2912.379883
2914.850098,94700000,2938.860107
2931.350098,99560000,2920.169922
2930.01001,95110000,2886.629883
2895.699951,93410000,2913.909912
2924.419922,79280000,3027.5
3023.030029,102400000,2976.73999
2975.629883,93700000,3000.449951
3000.669922,85920000,2965.560059
2948.120117,109410000,2906.75
2925.540039,95130000,2932.469971
2909.209961,61380000,2980.77002
2980.98999,81550000,3016.320068
3014.310059,93640000,2972.5
2971.600098,81850000,3006.26001
3007.830078,85490000,2996.199951
2989.27002,91200000,2968.02002
2851.959961,104620000,3040.25
3039.800049,127820000,3043.600098
3042.040039,65500000,3011.629883
3004.469971,82300000,2985.689941
2985.459961,87840000,3019.22998
3015.879883,108370000,3006.040039
3003.800049,78610000,2961.76001
2957.060059,90590000,2983.679932
2983.48999,102930000,3077.149902
3077.370117,108940000,3004.919922
3016.77002,96180000,3056.350098
3041.139893,92290000,3045.620117
3042.040039,79190000,2943.199951
2957.199951,98990000,2902.72998
2895.570068,120420000,2894.679932
2866.280029,66150000,2886.399902
2892.889893,100300000,2914.360107
2916.590088,97010000,2934.47998
2929.790039,115270000,3101.52002
3102.639893,87910000,3201.5
3201.5,101850000,3199.5
3199.5,135090000,3265
3265,150960000,3232.800049
3232.800049,108680000,3223.399902
3223.399902,119260000,3225.399902
3225.399902,112340000,3246
3246,104540000,3280.199951
3280.199951,97580000,3267.699951
3267.699951,96690000,3221.600098
3221.600098,96220000,3235.899902
3235.899902,89380000,3276.399902
3275.899902,96770000,3231.399902
3231.399902,92290000,3249.100098
3249.300049,86760000,3255.399902
3255.399902,115450000,3366.5
3365.600098,92570000,3324.5
3324,106560000,3336.100098
3336.100098,104090000,3369.399902
3369.399902,86830000,3353.100098
3353.100098,87560000,3386.800049
3386.800049,107020000,3396.899902
3396.899902,87450000,3398.699951
3398.699951,114450000,3354.399902
3354.399902,99340000,3285.399902
3285.399902,116900000,3282.399902
3282.699951,108910000,3330.300049
3330.300049,84440000,3330.600098
3330.600098,111100000,3331.600098
3331.100098,98220000,3285.699951
3285.699951,91040000,3393.800049
3393.800049,100730000,3332.199951
3332.199951,95800000,3328.899902
3328.899902,84360000,3254.100098
3254.100098,77510000,3267.600098
3267.600098,92910000,3281.899902
3281.899902,83620000,3305.699951
3306.800049,74100000,3327.100098
3327.100098,122930000,3250.300049
3250.300049,109130000,3200.600098
3200.600098,101280000,3136.600098
3136.600098,118910000,3174.399902
3174.399902,126470000,3207.600098
3207.600098,126940000,3226.300049
3226.300049,116750000,3240.100098
3240.100098,120400000,3233
3233,106170000,3227.399902
3227.399902,115470000,3282.199951
3282.699951,87240000,3288.699951
3289,120780000,3304.100098
3304.100098,105170000,3313.300049
3313.300049,154010000,3326.199951
3326.199951,84560000,3301.110107
3301.100098,69190000,3251.699951
3251.699951,152760000,3271.100098
3271.100098,158530000,3256.800049
3257.899902,143190000,3310
3310,165530000,3442.100098
3442.100098,165460000,3392.429932
3392.199951,131880000,3322.179932
3322.199951,134450000,3370.810059
3370.800049,145720000,3404.580078
3404.600098,121510000,3427.820068
3427.800049,139180000,3471.580078
3470.800049,113450000,3439.97998
3440.300049,140990000,3370.810059
3370.800049,145370000,3396.47998
3396.5,139240000,3478.610107
3478.600098,138960000,3413.77002
3413.800049,146810000,3427.550049
3439.399902,146580000,3437.189941
3437.199951,120470000,3443.01001
3437.5,119780000,3492.830078
3492.800049,128140000,3527.429932
3527.399902,104270000,3545.139893
3545.100098,75290000,3505.01001
3505,98160000,3494.77002
3494.800049,114760000,3490.889893
3491.199951,108430000,3483.969971
3484,106340000,3521.060059
3521.100098,97270000,3528.290039
3528.300049,113100000,3546.73999
3546.699951,113790000,3539.469971
3539.5,134980000,3560.429932
3560.399902,107480000,3569.649902
3569.699951,107610000,3615.47998
3614.600098,152290000,3640.629883
3640.600098,121780000,3633.929932
3633.899902,100900000,3621.629883
3621.899902,82660000,3613.25
3613.300049,135510000,3543.110107
3543.100098,123080000,3581.110107
3581.100098,107240000,3584.73999
3584.699951,100970000,3629.72998
3629.699951,139980000,3649.300049
3649.300049,124750000,3680.590088
3680.600098,139280000,3643.429932
3643.399902,141750000,3684.5
3684.5,139930000,3694.01001
3693.169922,156630000,3683.949951
3684,89580000,3704.070068
3704.100098,115970000,3740.669922
3740.699951,122160000,3751.570068
3751.600098,153430000,3757.719971
3757.699951,90470000,3754.090088
3754.100098,84010000,3820.77002
3820.800049,164940000,3867.199951
3867.199951,144430000,3914.47998
3914.5,134570000,3945.429932
3945.429932,149140000,3871.419922
3871.399902,136160000,3894.780029
3894.800049,147720000,3887.459961
3887.5,131470000,3838.780029
3838.800049,95460000,3832.300049
3832.300049,145860000,3862.699951
3862.699951,121680000,3895.649902
3895.699951,160710000,3774.72998
3774.699951,117480000,3635.959961
3634.5,145960000,3674.26001
3674.300049,172630000,3661.469971
3661.5,126320000,3648.679932
3648.699951,166580000,3681.689941
3681.699951,101150000,3669.5
3669.5,119910000,3659.679932
3659.699951,128510000,3766.350098
3765.699951,142790000,3757.139893
3757.100098,122630000,3772.219971
3772.199951,93140000,3773.449951
3773.5,108410000,3776.780029
3776.100098,149780000,3636.939941
3636.899902,125480000,3646.649902
3646.600098,118690000,3709.139893
3709.100098,82410000,3753.810059
3753.800049,120940000,3735.040039
3735,114360000,3764.5
3764.5,111590000,3747.02002
3747.02002,122840000,3768.709961
3768.699951,118180000,3755.110107
3755.100098,148250000,3881.050049
3881.399902,143680000,3885.580078
3885.600098,141560000,3874.810059
3874.800049,101570000,3933.350098
3933.399902,158390000,3831.75
3831.800049,152810000,3843.189941
3843.199951,129340000,3797.429932
3798.100098,146420000,3910.469971
3910.5,126310000,3891.300049
3891.300049,161040000,3930.659912
3930.699951,170560000,3807.52002
3807.5,155160000,3801.469971
3801.5,138890000,3815.26001
3815.300049,157560000,3708.27002
3708.300049,117080000,3745.620117
3745.600098,125840000,3691.110107
3691.100098,138180000,3807.189941
3806.850098,166110000,3833.429932
3833.800049,122870000,3834.439941
3834.399902,67110000,3867.409912
3867.399902,107710000,3908.459961
3908.5,131490000,3869.429932
3869.399902,135330000,3857.98999
3858,167810000,3928.639893
3928.600098,179850000,3939.070068
3939.100098,133050000,3953.540039
3953.5,164550000,4011.73999
4011.699951,123800000,3989.610107
3989.600098,140600000,4035.610107
4035.600098,146030000,4073.649902
4073.699951,165660000,4138.669922
4138.700195,145990000,4157.689941
4157.700195,152520000,4192.620117
4192.600098,137360000,4208.180176
4208.200195,97440000,4270.089844
4270.100098,166090000,4321.27002
4321.299805,146680000,4343.399902
4343.399902,160620000,4430.560059
4430.600098,165300000,4341.330078
4341.330078,168140000,4369
4377,144670000,4444.390137
4444.399902,115280000,4423.990234
4424,148130000,4510.790039
4510.799805,156040000,4585.839844
4585.799805,142890000,4556.100098
4556.100098,130390000,4702.72998
4702.700195,124260000,4708.819824
4708.799805,153110000,4641.549805
4641.5,197380000,4715.509766
4715.5,161580000,4683.459961
4683.5,154770000,4618.299805
4615.799805,113920000,4617.600098
4628.200195,149600000,4601.399902
4611.600098,142280000,4647.540039
4660.200195,112730000,4700.720215
4703.5,106170000,4797.569824
4795.600098,198930000,4764.149902
4766.299805,196760000,4789.080078
4789.799805,184310000,4769.209961
4767,152810000,4793.779785
4794.100098,160900000,4794.859863
4795.200195,157060000,4741.75
4742.839844,161310000,4825.569824
4825.600098,134840000,4870.370117
4867.799805,128400000,4989.950195
4990.299805,168500000,5048.839844
5048.839844,104550000,5087.129883
5086.399902,144620000,5156.859863
5156.100098,170560000,5176.72998
5174.200195,157640000,5097.970215
5098,167470000,5117.120117
5115.700195,77040000,5181.430176
5181.100098,172210000,5061.120117
5060.399902,161990000,5184.680176
5184,210010000,5271.75
5271.399902,189180000,5373.990234
5373.299805,189240000,5541.620117
5541.299805,203040000,5503.319824
5502.200195,193260000,5630.490234
5629.100098,155390000,5536.560059
5535.120117,187200000,5470.450195
5470.799805,178030000,5584.970215
5585.700195,243570000,5636.640137
5638.399902,207350000,5587.140137
5588.600098,160760000,5682.879883
5679.990234,125630000,5532.589844
5535.799805,219540000,5535.47998
5536.200195,187270000,5567.990234
5567.600098,168620000,5478.029785
5479.5,167180000,5518.140137
5516.5,174860000,5687.5
5688.200195,199270000,5762.859863
5762.100098,189390000,5643.180176
5643.899902,126670000,5697.109863
5697.100098,159580000,5649.450195
5650.200195,144770000,5705.22998
5704.5,177940000,5654.629883
5654.600098,165500000,5588.140137
5586.299805,104690000,5510.560059
5509.799805,175100000,5426.819824
5426.5,237550000,5473.060059
5473.100098,180470000,5679.830078
5680.200195,155220000,5681.310059
5681.299805,130630000,5689.450195
5689.799805,162890000,5722.740234
5723.5,136040000,5616.209961
5611.799805,115080000,5659.859863
5660.22998,108030000,5838.52002
5837.799805,151570000,5888.459961
5887.700195,187000000,5872.919922
5873.299805,174880000,5992.859863
5992.899902,165740000,5969.379883
5970.120117,155000000,6094.22998
6093.899902,174090000,6007.02002
6007,169450000,6021.930176
6023.399902,166850000,6219.819824
6220.600098,196120000,6348.029785
6348.799805,208410000,6471.759766
6471.799805,173680000,6521.700195
6520.600098,126320000,6381.939941
6383.439941,200070000,6304.870117
6305.299805,203200000,6484.399902
6481.700195,239220000,6560.910156
6561.299805,80300000,6544.089844
6546,155290000,6703.790039
6706.100098,230220000,6833.100098
6836.200195,209710000,6696.47998
6696.5,247190000,6813.089844
6810.799805,219900000,6855.799805
6856.200195,210280000,6988.959961
6994,204700000,6931.620117
6931.600098,146850000,6877.740234
6874.299805,204070000,7000.890137
7001.700195,250230000,6935.459961
6934.299805,188980000,6804.790039
6805.200195,264180000,6740.589844
6739.799805,195550000,6526.100098
6528.700195,271410000,6391.700195
6392.100098,214980000,6703.350098
6705.200195,263980000,6738.899902
6736.5,248970000,7071.200195
7070,249410000,7169.5
7169.120117,277380000,7194.700195
7194.299805,266480000,7345.899902
7342.200195,227680000,7331
7331,188530000,7435.799805
7442.399902,220950000,7782
7781.100098,284900000,7796.5
7797.870117,278390000,7687.700195
7688.600098,253510000,7895.799805
7896.5,194690000,7921.799805
7920.399902,272710000,7890.5
7890.899902,335790000,8113.399902
8113.399902,307270000,8194
8191,257580000,8031.200195
8030.799805,258270000,7694.700195
7701.600098,307380000,7887.899902
7888.799805,275220000,7622.399902
7631.700195,228550000,7822.399902
7821.709961,213530000,7743
7743.399902,280840000,7917.299805
7918.700195,333240000,7922.200195
7922.200195,287030000,8038.600098
8039.600098,277280000,8045.200195
8042.799805,250460000,7847
7847.5,281190000,7715.399902
7714.399902,397690000,7442.100098
7445.799805,496320000,7581.299805
7581.600098,301000000,7572.5
7582.799805,290630000,7881.069824
7876.600098,300380000,7823.100098
7825.120117,176280000,8149.100098
8148.899902,302140000,7838.299805
7838.299805,279640000,7756.299805
7758.5,329230000,7679.299805
7679.299805,129520000,7965
7967,162560000,7580.399902
7575.200195,338770000,7753.5
7753.799805,338520000,7700.700195
7701.72998,273150000,7906.5
7909.990234,326790000,8189.490234
8191.490234,289520000,8370.099609
8368.599609,264800000,8413.94043
8413.94043,223750000,8545.719727
8544.469727,253410000,8569.389648
8570.629883,277470000,8602.519531
8603.509766,256990000,8906.429688
8899.709961,283750000,8796.080078
8795.080078,267870000,8983.410156
8983.410156,325490000,8994.860352
8997.110352,279450000,9167.5
9166.75,319350000,9064.620117
9058.139648,317340000,9147.070313
9145.330078,302230000,9055.150391
9055.509766,242970000,9096
9092.969727,311000000,9114.44043
9114.44043,263630000,8899.950195
8900.950195,207540000,9037.709961
9039.950195,260480000,8834.94043
8831.950195,276980000,8712.870117
8711.740234,343700000,8944.540039
8945.540039,294880000,9025.259766
9023.05957,228380000,9105.740234
9107.030273,298380000,9337.969727
9340.549805,314460000,8937.360352
8937.360352,317920000,8883.290039
8883.290039,366060000,8598.019531
8596.730469,419280000,8425
8419.959961,376650000,8533.650391
8533.650391,333690000,8051.680176
8052.450195,394150000,7640.25
7645.140137,565970000,7795.5
7796.529785,378600000,7895.660156
7889.330078,421980000,8028.77002
8026.169922,405160000,7784.689941
7787.009766,446980000,7899.52002
7900.549805,535580000,8416.759766
8415.480469,460110000,8452.290039
8448.950195,389940000,8592.099609
8595.700195,327040000,8975.459961
8971.969727,388950000,8919.589844
8921.139648,320030000,9159.549805
9159.549805,355400000,9333.080078
9333.080078,252430000,9016.139648
9017.169922,400370000,8821.759766
8820.730469,379710000,8903.629883
8902.969727,386070000,9217.990234
9220.570313,214880000,9181.429688
9184.009766,198710000,9643.320313
9643.320313,464150000,9340.549805
9343.120117,473410000,9120.669922
9120.669922,373560000,9358.830078
9359.599609,435370000,9304.240234
9301.589844,426770000,9274.889648
9277.30957,398320000,9339.950195
9339.950195,308500000,9306.580078
9307.389648,411630000,9736.080078
9737.19043,467250000,9876.349609
9876.080078,460830000,9903.549805
9902.280273,441820000,9822.240234
9821.610352,368390000,9832.509766
9836.120117,323060000,10173.83984
10174.11035,412650000,10493.88965
10493.88965,530740000,10689.66992
10689.66992,568350000,10789.04004
10789.04004,516450000,11031.58984
11029.13965,521370000,10913.32031
10910.57031,455210000,10829.28027
10829.87012,415840000,10559.74023
10561.00977,450200000,10799.83984
10799.2002,322700000,10490.50977
10490.83008,405370000,10855.55957
10854.75,407970000,10552.55957
10555.87988,351540000,11139.24023
11137.46973,445900000,11193.7002
11193.37988,345660000,11209.83984
11209.83984,391870000,10910.95996
10907.79981,402590000,10655.15039
10654.83008,365580000,10714.03027
10714.03027,443110000,10973.65039
10980.11035,414550000,11100.61035
11099.66016,426020000,11090.16992
11087.69043,403230000,11078.4502
11079.08008,408450000,11028.42969
11027.40039,315370000,10803.62988
10801.87012,400100000,10279.33008
10279.33008,429100000,10273
10274.58008,479630000,10649.75977
10649.75977,503270000,10019.70996
10018.4502,366080000,10470.25
10468.98047,618680000,10729.86035
10730.78027,605110000,10704.48047
10668.41992,814770000,10769.32031
10764.73047,818690000,11003.88965
11008.78027,773530000,10988.91016
10985.73047,538180000,11286.17969
11286.79004,751890000,11224.7002
11217.45996,800700000,11257.42969
11254.5,1049530000,11405.75977
11410.65039,485590000,11497.12012
11501.84961,384160000,11522.55957
11532.48047,912810000,11722.98047
11719.19043,981280000,11251.70996
11251.94043,790380000,10738.87012
10735.76953,978180000,10963.79981
10965.96973,884380000,10425.20996
10431.65039,833030000,10219.51953
10219.83008,918600000,9862.120117
9854.660156,812400000,10367.2002
10358.95996,1038340000,9928.820313
9911.219727,1058880000,10595.23047
10594.75,1078830000,11112.71973
11093.25,1027360000,10921.91992
10863.28027,955810000,11111.48047
11114.88965,1106860000,10305.76953
10303.29004,1023800000,10844.04981
10822.33008,818150000,10733.91016
10749.41992,1100940000,10577.86035
10571.30957,890320000,10609.37012
10606.96973,859960000,10626.84961
10624.79004,856790000,10299.24023
10302.30957,881580000,10794.75977
10793.11035,713220000,10614.05957
10615.12012,787950000,10449.29981
10448.40039,867580000,10404.75
10403.69043,884540000,10447.88965
10450.36035,898630000,10635.98047
10627.13965,535120000,10812.75
10812.40039,787030000,10733.55957
10731.44043,896630000,10511.16992
10514.29004,854280000,10767.75
10773.98047,802970000,11027.79981
11027.07031,835650000,11046.48047
11058.84961,800460000,11192.62988
11194.48047,711650000,11238.78027
11221.75977,770960000,11220.65039
11219.54004,803100000,10927
10926.41992,1058440000,10847.37012
10847.37012,1330350000,10650.91992
10659.05957,1322900000,10596.54004
10596.91016,1194330000,10192.17969
10184.78027,1371900000,10226.58984
10230.29004,1559230000,10590.62012
10588.05957,1581520000,10817.9502
10820.59961,1243280000,10602.9502
10595.34961,1149510000,10629.87012
10624.17969,1111910000,10470.23047
10479.33008,687200000,10373.54004
10377.33008,1337980000,10712.91016
10719.36035,1390070000,10434.95996
10433.33984,1406870000,10635.55957
10638.20996,1360150000,10787.99023
10790.91992,743760000,10662.00977
10658.73047,1329470000,10525.37988
10525.78027,1270380000,10587.58984
10581.90039,1208550000,10659.98047
10657.12988,1269120000,10864.09961
10860.44043,1177060000,10781.4502
10779.41992,1041610000,10799.82031
10800.23047,985720000,10441.90039
10447.58984,972810000,10466.30957
10468.92969,1250210000,10644.62012
10638.51953,1125150000,9823.410156
9820.049805,1480880000,9504.780273
9509.25,1615010000,9878.780273
9877.160156,1351280000,9791.089844
9793.580078,1363810000,10126.94043
10118.16016,1006150000,10579.84961
10571,1549270000,10810.04981
10814.41016,1115450000,10951.24023
10952.34961,1050100000,10821.30957
10819.54981,960410000,11301.74023
11299.13965,1074580000,11005.37012
11004.66016,1021110000,10990.41016
10991.76953,814580000,10977
10974.79004,1002750000,10623.63965
10622.5,1281920000,10604.58984
10607.87988,1157570000,10502.40039
10504.9502,1276000000,10252.67969
10253.62012,731060000,10539.05957
10537.98047,1227210000,10576.65039
10576.91992,1232700000,10416.66992
10418.67969,1034590000,10512.78027
10504.12988,952280000,10416.25
10411.90039,841720000,10240.78027
10239.33008,873230000,10423.16992
10422.75977,908990000,9949.75
9946.980469,887500000,9605.849609
9603.360352,1168170000,9605.509766
9580.320313,280040000,8235.80957
8242.320313,2459290000,8847.55957
8845.969727,1647520000,9119.769531
9115.75,1399070000,9344.160156
9340.839844,1247620000,9204.110352
9203.910156,1214060000,9545.169922
9543.370117,1166740000,9323.540039
9326.589844,1174000000,9608
9606.129883,1135110000,9866.990234
9870.450195,1300000000,9959.709961
9961.580078,659330000,9851.55957
9848.929688,1148660000,10049.45996
10047.04004,1183740000,9811.150391
9809.419922,1194950000,10035.33984
10036.58984,1318320000,10136.99023
10136.36035,458800000,10259.74023
10261.33008,865390000,9987.530273
9985.379883,1064550000,9771.849609
9772.339844,1229060000,9840.080078
9843.049805,914510000,9907.259766
9905.459961,1257540000,9744.240234
9739.80957,1260770000,9903.040039
9899.240234,1046240000,9968.150391
9969.75,1066640000,10368.86035
10368.09961,1310930000,10572.49023
10570.07031,1363720000,10607.23047
10608.54004,1175260000,10427.66992
10428.42969,997500000,10403.94043
10402.07031,792190000,10271.63965
10258.91016,977950000,10190.82031
10189.57031,1267650000,10257.11035
10256,1255870000,9910.719727
9910.519531,1127210000,10006.62988
10005.79981,1195280000,9939.919922
9938.820313,1193590000,10353.08008
10348.92969,1136540000,10104.25977
10106.54004,921700000,9925.25
9923.94043,836880000,9589.669922
9587.379883,1345940000,9474.209961
9476.5,1325650000,9253.790039
9252.469727,1401730000,9243.259766
9239.25,1710400000,9379.5
9375.700195,988310000,8684.530273
8681.280273,1635760000,8019.259766
8015.040039,1776620000,8264.389648
8267.990234,2324300000,8313.129883
8312.919922,1594260000,8745.450195
8741.919922,1417620000,8778.05957
8777.089844,1303580000,8872.959961
8873.929688,1226310000,8663.5
8659.269531,1039190000,8427.200195
8425.879883,1079940000,8312.69043
8311.790039,1106930000,7986.02002
7984.77002,1447340000,7701.450195
7698.810059,1594140000,7528.399902
7528.680176,1692110000,7850.290039
7848.209961,1802050000,8322.400391
8320.740234,1734550000,8443.990234
8448.980469,1483840000,8517.639648
8521.599609,1441040000,8537.129883
8535.80957,1488080000,8579.089844
8579.740234,1347450000,8804.839844
8804.969727,1474830000,8896.089844
8902.950195,818720000,8645.769531
8643.990234,1289460000,8433.709961
8436.589844,1091450000,8511.320313
8511.389648,1294060000,8303.780273
8304.05957,540990000,8601.69043
8602.780273,869150000,8784.889648
8787.830078,1269830000,8586.740234
8586.259766,1236340000,8131.009766
8128.540039,1039710000,8053.810059
8053.740234,1402810000,7864.22998
7865.740234,1118970000,7908.799805
7909.299805,1133880000,8018.109863
8017.339844,905220000,7891.080078
7890.240234,1260250000,7740.029785
7739.399902,1215230000,7859.709961
7857.959961,1378190000,8521.969727
8514.820313,1563550000,8145.77002
8142.830078,1158050000,8277.150391
8284.150391,1359300000,8203.410156
8203.969727,1197080000,8337.650391
8336.669922,1005350000,8306.349609
8306.839844,1163850000,8582.679688
8583.169922,1119650000,8604.599609
8603.900391,849400000,8678.969727
8676.519531,1078920000,8601.379883
8600.540039,1277470000,8850.259766
8851.450195,1065120000,9062.790039
9061.179688,1386370000,9117.120117
9117.55957,1045120000,9200.75
9199.490234,1308810000,8989.049805
8990.740234,1023620000,9070.209961
9073.919922,840040000,9119.589844
9126.450195,1140940000,9188.150391
9187.799805,1275930000,9284.570313
9284.919922,1024490000,9153.969727
9154.179688,1066570000,9191.089844
9189.620117,971710000,9321.69043
9320.660156,751970000,9348.870117
9349.44043,1117470000,9415.820313
9416.669922,799960000,9503.339844
9503.410156,891970000,9471.549805
9471.19043,935890000,9644.820313
9641.799805,1057220000,9313.080078
9314.419922,1062470000,9572.30957
9572.389648,1143540000,9674.679688
9675.719727,946830000,9721.790039
9721.5,993990000,9582.459961
9584.540039,1104100000,9801.120117
9802.459961,1090420000,9809.790039
9807.490234,948770000,9768.679688
9765.639648,951860000,9628.530273
9629.870117,1041690000,9782.459961
9785.349609,606200000,9862.679688
9862.009766,1177340000,10042.16016
10046.53027,1030630000,10278.21973
10276.48047,1157720000,10324.66992
10321.34961,452520000,10409.84961
10411.84961,596760000,10458.88965
10461.54981,1099260000,10600.50977
10601.40039,1095810000,10568.29004
10568,893200000,10488.07031
10487.78027,1123350000,10593.03027
10592,1007060000,10627.84961
10628.87988,1041710000,10619.03027
10619.54981,774550000,10583.91992
10582.25,1071320000,10595.54981
10595.37012,1016960000,10240.08008
10238.4502,1219970000,10186.59961
10185.92969,1075330000,10212.96973
10212.91016,1103750000,10470.58984
10470.58984,1055360000,10442.03027
10444.37988,763620000,10451.96973
10451.62012,1072730000,10472.83984
10472.91016,1153490000,10225.57031
10227.26953,1078430000,10117.33984
10116.28027,1009850000,10012.87012
10009.91992,1132670000,9966.740234
9968.019531,955400000,10188.4502
10187.17969,918880000,10242.82031
10243.30957,674160000,10410.09961
10401.23047,671890000,10416.41016
10417.82031,1013830000,10371.83984
10377.51953,1112120000,10282.83008
10280.25977,1020610000,10213.21973
10211.75,703030000,10139.78027
10140.9502,1114290000,9962.219727
9964.709961,1160000000,10139.70996
10138.4502,1093360000,9815.330078
9816.139648,919760000,9825.349609
9825.349609,929510000,10110.13965
10111.09961,922190000,10195.00977
10193.83008,706660000,10260.2002
10261.51953,847250000,10313.07031
10306.65039,867490000,10284.45996
10283.87012,1062240000,10047.24023
10046.65039,1113270000,10192.65039
10191.40039,1294100000,10055.2002
10056.08984,1213550000,9933.379883
9932.980469,1236040000,9757.80957
9757.219727,1295000000,10027.46973
10028.73047,1280780000,10387.54004
10385.15039,1660850000,10539.00977
10541.88965,1364090000,10456.91016
10455.73047,1316320000,10522.23047
10520.63965,790770000,10592.20996
10591.32031,1424860000,10543.21973
10543.44043,1245420000,10649.91992
10652.13965,1779120000,10827.12012
10828.00977,1039710000,10783.00977
10783.75,790190000,10603.95996
10603.44043,1344070000,10558
10554.23047,1358940000,10392.99023
10393.58008,1028420000,10427.2002
10428.75977,1395440000,10716.12988
10715.75977,1336990000,10796.00977
10795.71973,1290300000,10785.21973
10783.37988,1307330000,10841.59961
10842.04981,1113880000,10940.54981
10940.54981,1245010000,10774.36035
10773.91992,1170150000,10629.66992
10629.90039,1513210000,10442.87012
10444.12988,1128850000,10404.29981
10401.70996,1369910000,10461.33984
10462.08008,1287510000,10087.50977
10088.54004,1455780000,10157.70996
10158.51953,1472180000,10192.50977
10192,1317960000,10345.40039
10345.40039,1259430000,10140.12012
10139.61035,1162650000,10471.91016
10472.79981,1199530000,10542.54981
10541.88965,980610000,10460.96973
10461.63965,883320000,10512.62988
10503.57031,1006910000,10623.07031
10621.54004,1209630000,10297.83984
10298.07031,1207430000,10303.44043
10303.12988,1191600000,10449.13965
10449.59961,997400000,10640.83008
10640.19043,1183010000,10651.17969
10651.66016,1350100000,10640.91016
10641.78027,1059310000,10558.03027
10557.24023,1120970000,10600.30957
10599.19043,1104900000,10559.23047
10559.23047,1074630000,10397.29004
10396.90039,1063080000,10447.37012
10447.69043,1202300000,10678.55957
10678.41016,930590000,10641.94043
10641.87012,1421450000,10419.58984
10420.21973,1237590000,10568.7002
10569.5,1156200000,10292.30957
10292.9502,1361530000,10287.33984
10287.41992,1300310000,10215.21973
10216.11035,1550130000,10402.76953
10403.16992,1297010000,10530.75977
10531.24023,1446040000,10686.04004
10686.59961,1176690000,10766.33008
10766.33008,1390200000,10931.62012
10932.74023,920670000,10877.50977
10876.9502,1244140000,10778.58008
10778.66016,1237680000,10875.58984
10875.50977,1636220000,10883.26953
10883.75,1199680000,10717.5
10718.29981,678450000,10959.30957
10959.46973,1117090000,10959.87012
10957.87012,1285110000,10667.38965
10668.75,1503060000,10907.20996
10908.49023,1953890000,10793.62012
10793.29981,1687430000,10919.04981
10915.20996,1562910000,11115.32031
11115.48047,1482380000,11061.84961
11062.80957,1125370000,11021.58984
11022.46973,1504710000,11076.33984
11067.61035,1377720000,11279.65039
11278.92969,1564300000,11279.96973
11280.12988,1455410000,11109.32031
11113,1372100000,11120.04004
11119.87988,1272240000,11137.65039
11137.33008,916920000,11347.4502
11346.80957,1503180000,11367.13965
11367.78027,1891680000,11577.74023
11576.37012,1754780000,11380.99023
11380.42969,1501450000,11144.05957
11143.41992,1830980000,11278.61035
11277.25,1658460000,11247.87012
11247.54981,1178710000,10891.91992
10892,1689430000,11014.54981
11014.87012,1838130000,10989.08984
10990.29004,1432790000,11150.21973
11149.33984,1435520000,11090.66992
11091.70996,861360000,10739.34961
10739.34961,1413050000,10868.37988
10868.7002,1653440000,11219.7002
11218.90039,1394640000,11240.34961
11239.46973,1077050000,11088.03027
11089.07031,1040640000,11381.46973
11380.66992,1159430000,11284.04981
11285.33008,901230000,11464.15039
11461.83008,884500000,11392.11035
11389.87012,751270000,11560.76953
11559.96973,1236720000,11508.09961
11509.29981,1037800000,11679.07031
11678.99023,1301090000,11850.20996
11849.55957,1206970000,11960.50977
11961.30957,1247300000,12002.37012
12116.50977,1428510000,12090.25977
12089.13965,1299390000,11986.04004
11985.16016,1149250000,12108.42969
12097.7002,1166080000,12342.55957
12340.70996,1216650000,12280.16992
12279.12988,700990000,12194.12988
12195.57031,1248940000,12307.49023
12306.20996,1216780000,12445.51953
12446.24023,1347160000,12343.21973
12341.94043,999800000,12463.15039
12459.54004,542160000,12398.00977
12392.00977,821480000,12556.08008
12555.83984,1193510000,12565.53027
12565.53027,1053610000,12487.01953
12487.09961,1269880000,12653.49023
12653.41016,1175700000,12580.83008
12580.11035,1013320000,12767.57031
12766.84961,1017640000,12647.48047
12647.87988,841520000,12114.09961
12111.61035,1723390000,12276.32031
12275.67969,1273230000,12110.41016
12110.41016,1486630000,12481.00977
12480.37012,1090210000,12354.34961
12354.51953,1095920000,12560.2002
12562.63965,804950000,12612.12988
12611.63965,1094290000,12961.98047
12961.98047,1422090000,13120.94043
13120.20996,1234390000,13264.62012
13264.12988,1247950000,13326.21973
13325.80957,1151310000,13556.53027
13556.53027,1181390000,13507.28027
13507.28027,1049380000,13668.11035
13667.20996,886690000,13424.38965
13424.38965,1178580000,13639.48047
13639,1323530000,13360.25977
13360.08984,1304810000,13408.62012
13409.59961,1207920000,13611.67969
13612.66016,672870000,13907.25
13907.08984,1216010000,13851.08008
13851.73047,1442520000,13265.46973
13266.20996,1565300000,13181.91016
13183.12988,1537930000,13239.54004
13239.54004,1574240000,13079.08008
13079.08008,1638230000,13378.87012
13377.16016,1025550000,13357.74023
13358.38965,1038510000,13113.37988
13116.38965,936010000,13442.51953
13441.9502,1031930000,13820.19043
13821.57031,1344190000,13895.62988
13895.70996,1016240000,14066.00977
14065.36035,880750000,14093.08008
14092.42969,870270000,13522.01953
13521.62012,1303720000,13806.7002
13807.34961,1280860000,13595.09961
13592.58008,1290660000,13042.74023
13039.16016,1545520000,13176.79004
13176.29981,1415230000,12980.87988
12979.99023,1018400000,13371.71973
13368.21973,1385740000,13625.58008
13623.54981,1050600000,13339.84961
13339.2002,1275710000,13450.65039
13450.73047,1319260000,13365.87012
13364.16016,497510000,12800.17969
12801.15039,911650000,12606.29981
12613.78027,1589510000,12099.29981
12092.71973,2008240000,12207.16992
12205.70996,1824580000,12743.19043
12743.11035,1672670000,12182.12988
12181.88965,1456550000,12348.20996
12349.58984,1284960000,12381.01953
12380.76953,1156050000,12266.38965
12264.36035,1443220000,11893.69043
11893.04004,1502700000,11951.08984
11946.4502,1689550000,12361.32031
12361.96973,1581780000,12216.40039
12215.91992,1181380000,12609.41992
12612.58984,1167030000,12325.41992
12324.76953,1104400000,12849.36035
12850.91016,1215480000,12891.86035
12890.75977,1142150000,13058.2002
13056.57031,1146280000,12745.87988
12745.54981,1007990000,12986.79981
12985.41016,1108680000,12479.62988
12479.62988,1131370000,12638.32031
12637.66992,831860000,12209.80957
12210.12988,1209120000,12307.34961
12306.86035,1263170000,11842.69043
11843.83008,1270350000,11346.50977
11345.7002,1285100000,11288.54004
11289.19043,989400000,11100.54004
11103.63965,1269860000,11496.57031
11495.01953,1558210000,11370.69043
11369.46973,1183120000,11326.32031
11326.32031,1022900000,11734.32031
11729.66992,1027740000,11659.90039
11659.65039,914160000,11628.05957
11626.19043,741560000,11543.95996
11545.62988,705050000,11220.95996
11224.87012,778840000,11421.99023
11416.37012,1231270000,11388.44043
11394.41992,2534100000,11143.12988
11139.62012,1052410000,10325.37988
10322.51953,1657400000,8451.19043
8462.419922,2344910000,8852.219727
8852.299805,1969430000,8378.950195
8375.919922,1497820000,9325.009766
9326.040039,1547730000,8943.80957
8946.599609,1291190000,8497.30957
8494.839844,1574130000,8046.419922
8048.089844,2092220000,8829.040039
8826.889648,1305340000,8635.419922
8637.650391,1550460000,8629.679688
8628.80957,1438320000,8579.110352
8573.370117,1630620000,8515.549805
8515.870117,539420000,9034.69043
9027.129883,756750000,8599.179688
8599.259766,1146800000,8281.219727
8279.629883,1808670000,8077.560059
8078.040039,1619790000,8000.859863
8000.620117,1473020000,8280.589844
8281.379883,1739860000,7850.410156
7845.629883,1593370000,7365.669922
7365.990234,1487450000,7062.930176
7056.47998,2313680000,6626.939941
6625.740234,2413720000,7223.97998
7225.330078,2498140000,7278.379883
7279.25,2795830000,7776.180176
7773.310059,2070270000,8017.589844
8016.160156,1895470000,8083.379883
8082.02002,1241730000,8131.330078
8128.939941,2247680000,8076.290039
8073.819824,1994680000,8212.410156
8213.599609,1436800000,8574.650391
8569.230469,2025520000,8268.639648
8270.150391,1637020000,8277.320313
8277.320313,1581100000,8500.330078
8501.530273,1253390000,8763.129883
8759.349609,1357320000,8799.259766
8798.5,1011400000,8539.730469
8538.519531,1457540000,8438.389648
8440.129883,1248000000,8280.740234
8280.740234,792220000,8146.52002
8146.52002,1109950000,8743.94043
8746.049805,1265680000,9093.240234
9093.089844,1120720000,9171.610352
9173.650391,1063590000,9370.070313
9368.410156,1115340000,9321.400391
9313.849609,848570000,9505.959961
9506.179688,987810000,9544.200195
9542.910156,888890000,9441.269531
9440.129883,965630000,9605.410156
9598.080078,824080000,9820.200195
9818.610352,1312180000,9665.19043
9663.230469,992020000,9487.669922
9488.730469,1072910000,9864.94043
9865.240234,918220000,9995.910156
9996.669922,1215420000,9972.179688
9972.330078,1189360000,9712.730469
9712.129883,1341410000,10023.41992
10020.62012,1090160000,10270.46973
10267.53027,939430000,10318.16016
10320.12988,953910000,10309.91992
10309.76953,606470000,10388.90039
10386.86035,1277930000,10471.5
10471.28027,982840000,10328.88965
10330.09961,1229170000,10520.08984
10517.91016,464680000,10428.04981
10430.69043,443000000,10618.19043
10620.30957,944460000,10609.65039
10608.37012,1205160000,10172.98047
10175.09961,1023330000,10067.33008
10068.99023,1251750000,10012.23047
10005.42969,1247070000,10099.13965
10100.80957,1122060000,10402.34961
10402.42969,855230000,10325.25977
10326.09961,1055300000,10566.2002
10563.78027,924230000,10624.69043
10623.41016,894350000,10741.98047
10741,1169640000,10850.36035
10849.23047,917730000,10927.07031
10927.4502,642100000,10997.34961
10996.75,796030000,11018.66016
11018.36035,1139500000,11204.28027
11205.11035,1000980000,11008.61035
11009.59961,1141520000,10380.42969
10386.17969,1527630000,10620.16016
10616.98047,1191910000,10193.38965
10193.45996,1533190000,10136.62988
10133.94043,1352960000,9931.969727
9931.75,856220000,10211.07031
10211.83008,1114920000,10450.63965
10452.45996,1065870000,10143.80957
10143.04981,1214980000,9686.480469
9686.480469,1152080000,10198.03027
10199.24023,807600000,10097.90039
10098.12012,1064120000,10424.62012
10424.16992,977500000,10465.94043
10468.82031,931710000,10653.55957
10654.62012,800360000,10303.15039
10303.07031,961800000,10213.62012
10215.50977,984830000,10150.65039
10145.58008,964660000,10447.92969
10446.79981,930140000,10462.76953
10458.59961,619710000,10607.84961
10608.08008,1088080000,10860.25977
10860.03027,848550000,10829.67969
10828.84961,846280000,11006.48047
11006.92969,834250000,11062.78027
11062.62988,1010280000,11132.55957
11133.40039,940700000,11118.49023
11120.29981,840130000,11444.08008
11439.54004,924450000,11192.58008
11194.01953,984380000,11203.54981
11201.66016,961650000,11091.87012
11083.75,552350000,11382.08984
11381.33008,949350000,11410.32031
11406.16016,770260000,11491.91016
11491.29981,1012060000,11573.49023
11572.80957,467660000,11577.50977
11577.42969,438870000,11674.75977
11672.33984,933840000,11787.37988
11783.82031,815170000,11871.83984
11873.42969,799920000,11823.7002
11824.38965,926210000,12092.15039
12092.37988,796400000,12273.25977
12266.83008,881250000,12391.25
12389.74023,796100000,12130.4502
12130.4502,753750000,12169.87988
12171.08984,854610000,12044.40039
12042.12988,787500000,11858.51953
11860.11035,1176310000,12220.58984
12221.19043,654390000,12376.71973
12374.59961,726180000,12380.04981
12380.42969,720760000,12341.83008
12339.70996,741540000,12505.99023
12505.99023,710620000,12810.54004
12810.16016,1000570000,12638.74023
12637.83008,881460000,12595.75
12594.76953,877070000,12512.04004
12511.36035,893710000,12441.58008
12443.40039,717490000,12151.25977
12151.19043,705420000,11951.91016
11945.33008,814090000,12004.36035
12004.28027,1027000000,11934.58008
11934.66016,886570000,12582.76953
12569.87012,793540000,12657.2002
12655.62012,540220000,12479.73047
12475.11035,792090000,12681.16016
12679.71973,782010000,12143.24023
12144.21973,836290000,11444.61035
11433.92969,1295170000,11269.01953
11269.84961,1928910000,10817.65039
10820.37012,1192090000,11284.54004
11286.65039,1197690000,11240.25977
11237.30957,942140000,10992.12988
10990.00977,784950000,11509.08984
11506.82031,1177720000,10771.48047
10771.78027,1065810000,10913.37988
10912.09961,1015270000,11103.12012
11104.55957,1114860000,11644.49023
11643.34961,743320000,11808.79004
11807.95996,941450000,12231.11035
12229.21973,922310000,11983.24023
11983.01953,842540000,12153.67969
12153,747030000,11796.16016
11795.54981,651410000,11231.65039
11232.46973,559230000,12019.41992
12021.54004,942500000,12184.25977
12181.08008,788320000,11866.38965
11866.54004,1008650000,12294
12293.46973,695630000,12217.55957
12221.19043,285070000,12359.91992
12359.30957,587250000,12422.05957
12423.12012,683390000,12720.48047
12720.25,705980000,12660.45996
12659.16992,705960000,12862.23047
12860.71973,699200000,12801.23047
12799.11035,643140000,12949.87012
12949.33984,728950000,12982.9502
12981.12988,498900000,12977.57031
12977.33984,674050000,12922.01953
12920.58008,632840000,13232.62012
13231.94043,981010000,13080.73047
13082.62012,655630000,13212.04004
13211.36035,700340000,13060.13965
13057.57031,467300000,12849.58984
12850.87988,650850000,13029.25977
13028.2002,701720000,13228.30957
13228.30957,627160000,13038.26953
13035.84961,567920000,12820.59961
12818.49023,696180000,12369.37988
12369.15039,830530000,12454.83008
12454.83008,647760000,12118.57031
12119.84961,598420000,12554.2002
12553.80957,618480000,12767.16992
12767.01953,771130000,12640.78027
12639.79981,712310000,12880.08984
12879.70996,658810000,12772.46973
12772.01953,368050000,12777.08984
12776.33008,607170000,12822.57031
12820.4502,693440000,13075.66016
13075.34961,691740000,13096.16992
13099.87988,575650000,13207.9502
13204.92969,435410000,13275.2002
13274.58008,482240000,13157.96973
13157.74023,512700000,13090.83984
13092.15039,478990000,13306.63965
13308.55957,467330000,13593.37012
13588.57031,677180000,13579.46973
13577.84961,912470000,13437.12988
13437.66016,644290000,13610.15039
13589.25977,522630000,13328.84961
13329.54004,476420000,13343.50977
13344.28027,731390000,13107.20996
13107.44043,604000000,13093.16016
13092.28027,416330000,12815.38965
12815.92969,635330000,12588.30957
12590.23047,693000000,13009.53027
13008.4502,429480000,13025.58008
13027.73047,647950000,13155.12988
13154.88965,640400000,13135.00977
13135.16992,589360000,13190.83984
13190.15039,977990000,12938.11035
12938.19043,313260000,13435.20996
13436.12988,544390000,13488.42969
13488.42969,618480000,13649.7002
13649.7002,784080000,13895.98047
13895.98047,503870000,14009.79004
14009.79004,610020000,13992.96973
13992.96973,610760000,13981.75977
13981.75977,633260000,14000.57031
14000.57031,546210000,14089.66016
14089.66016,694850000,14397.07031
14397.07031,572130000,14514.11035
14514.11035,806060000,14512.03027
14512.03027,574950000,14578.54004
14578.54004,467260000,14565.25
14565.25,553000000,14865.05957
14865.05957,619920000,14547.50977
14547.50977,821260000,14712.54981
14712.54981,680740000,14973.95996
14973.95996,569000000,15118.49023
15113.41992,543690000,15354.40039
15348.33008,663740000,15303.09961
15307.33008,665710000,15115.57031
15123.54981,574680000,15248.12012
15247.80957,701450000,15070.17969
15078.70996,513550000,14799.40039
14795.79004,942550000,14909.59961
14911.59961,771490000,15135.83984
15137.21973,392740000,15464.29981
15459.69043,606230000,15543.74023
15543.96973,697170000,15558.83008
15557.13965,577080000,15658.36035
15651.98047,565790000,15425.50977
15415.21973,425180000,15081.46973
15076.79004,533840000,15010.50977
15014.58008,597690000,14810.30957
14801.54981,555070000,14922.5
14927.19043,474100000,15376.05957
15381.36035,486600000,15451.08984
15452.30957,851560000,15258.24023
15249.82031,436950000,15072.58008
15069.29981,457280000,15237.11035
15231.33008,477770000,15399.65039
15401.32031,530860000,15570.28027
15569.19043,490460000,15615.54981
15621.2002,474410000,15761.78027
15759.28027,477350000,15961.7002
15962.71973,480890000,16064.76953
16072.08984,423780000,16086.41016
16087.12012,336410000,16020.2002
16019.49023,534020000,15755.36035
15759.59961,467450000,16221.13965
16225.25,712750000,16478.41016
16484.50977,209960000,16469.99023
16474.03906,286710000,16437.05078
16434.0293,443090000,16458.56055
16459.26953,583760000,15879.11035
15879.04981,441030000,15698.84961
15697.69043,555430000,15794.08008
15793.62988,593050000,16154.38965
16153.96973,440880000,16103.29981
16102.26953,376110000,16321.70996
16321.70996,657780000,16452.7207
16453.09961,419450000,16065.66992
16066.37012,396080000,16302.76953
16303.28027,703380000,16323.05957
16324.21973,472520000,16412.71094
16414.15039,452210000,16026.75
16028.29004,538700000,16408.53906
16408.91992,418710000,16361.45996
16363.2002,412130000,16512.89063
16509.75,424260000,16583.33984
16584.82031,389130000,16491.31055
16490.34961,440800000,16606.26953
16607.41992,354650000,16717.16992
16716.84961,304040000,16924.2793
16926.08008,341950000,16775.74023
16765.56055,361330000,16947.08008
16946.5,542720000,16851.83984
16852.49023,419120000,17068.25977
17063.83008,289050000,16943.81055
16950.92969,332360000,17100.17969
17095.10938,485570000,16960.57031
16956.91016,352670000,16493.36914
16493.7207,406450000,16553.92969
16557.26953,394340000,16662.91016
16664.44922,365900000,17001.2207
17011.81055,334340000,17098.44922
17097.41992,303160000,17137.35938
17131.71094,272340000,16987.50977
16988.75977,357920000,17279.74023
17271.71094,667670000,17113.15039
17107.68945,400110000,17009.68945
17010.33984,440180000,16544.09961
16535.42969,1071380000,16380.41016
16373.15039,648200000,16805.41016
16796.09961,481300000,17390.51953
17390.90039,434690000,17573.92969
17568.98047,390980000,17634.74023
17631.84961,353680000,17810.06055
17812.63086,450210000,17828.24023
17827.26953,321620000,17958.78906
17954.93945,423140000,17280.83008
17285.74023,516230000,17804.80078
17812.25,816540000,18053.71094
18046.58008,276790000,17832.99023
17821.30078,260470000,17737.36914
17742.05078,517340000,17511.57031
17516.96094,536040000,17672.59961
17668.10938,424220000,17164.94922
17169.99023,619390000,17824.28906
17821.49023,497010000,18019.34961
18019.80078,463800000,18140.43945
18140.75977,364370000,18132.69922
18134.05078,426070000,17856.7793
17856.56055,443710000,17749.31055
17751.24023,533560000,18127.65039
18136.73047,756960000,17712.66016
17727.48047,512740000,17763.24023
17755.5,414240000,18057.65039
18052.32031,452970000,17826.30078
17841.17969,544910000,18080.14063
18097.89063,508970000,18024.06055
18026.01953,569000000,18191.10938
18187.7793,457660000,18272.56055
18267.25,460300000,18232.01953
18229.75,409630000,18010.67969
18017.82031,413160000,17849.46094
17849.46094,418920000,17898.83984
17890.75977,447080000,18015.94922
18027.63086,614600000,17946.67969
17936.74023,495840000,17730.10938
17728.08008,412890000,17760.41016
17787.26953,452120000,18086.44922
18085.91016,435120000,17568.5293
17561.7793,479670000,17689.85938
17696.74023,497220000,17373.38086
17375.17969,467360000,17477.40039
17472.66016,486510000,16459.75
16459.75,611700000,16643.00977
16632.01953,1019330000,16102.37988
16109.92969,683310000,16433.08984
16450.85938,469980000,16384.58008
16406.09961,756620000,16314.66992
16313.25977,548780000,16472.36914
16502.09961,655120000,17084.49023
17082.28906,567820000,17215.9707
17209.42969,560850000,17646.69922
17649.57031,642710000,17663.53906
17672.61914,585800000,17910.33008
17900.7793,499380000,17245.24023
17229.93945,573380000,17823.81055
17823.60938,679360000,17813.39063
17802.83984,426930000,17847.63086
17845.49023,626940000,17265.21094
17277.10938,577230000,17128.55078
17154.93945,850100000,17552.16992
17535.66016,339650000,17425.0293
17405.48047,283080000,16346.4502
16358.70996,692150000,15988.08008
16009.4502,796840000,16093.50977
16086.45996,627220000,16466.30078
16453.63086,727870000,16204.96973
16147.50977,653030000,15973.83984
16012.38965,720530000,16391.99023
16417.13086,505400000,16639.9707
16634.15039,486630000,17006.76953
16991.28906,533760000,17213.31055
17207.49023,566350000,17602.30078
17589.69922,747110000,17515.73047
17526.08008,348200000,17792.75
17799.39063,443440000,17576.96094
17586.48047,469980000,17897.46094
17890.19922,482500000,18003.75
17990.93945,516260000,17773.64063
17783.7793,523020000,17740.63086
17743.84961,433730000,17535.32031
17531.75977,423970000,17500.93945
17507.03906,478340000,17873.2207
17891.5,395580000,17807.06055
17825.68945,383750000,17865.33984
17830.5,382110000,17675.16016
17736.86914,630190000,17400.75
17355.21094,611020000,17949.36914
17904.44922,572500000,18146.74023
18161.5293,371680000,18516.55078
18521.55078,462710000,18570.84961
18554.49023,429120000,18432.24023
18434.5,470850000,18543.5293
18541.89063,408620000,18576.4707
18588.58984,327730000,18552.57031
18535.85938,364830000,18395.40039
18421.28906,362920000,18491.96094
18493.40039,380780000,18085.44922
18028.94922,351010000,18123.80078
18154.82031,687510000,18261.44922
18217.75977,404830000,18308.15039
18279.59961,508640000,18240.49023
18282.94922,385760000,18138.38086
18135.84961,403160000,18145.71094
18197.14063,445240000,18161.18945
18176.59961,449450000,17888.2793
17994.64063,475590000,18259.59961
